
{
	"axis_max" : 5,
	"axis_min" : 0,
	"bounding_polygon" : 
	[
		[-0.369445   ,-0.13419516, -0.17932138],
		[ 0.41243142 ,-0.1259021 , -0.20228005],
		[-0.3853215  ,-0.15060921, -0.72593765],
		[-0.37178926 , 0.07003451, -0.18538599],
		[ 0.39421066 , 0.06191353, -0.75496093],
		[-0.38766576 , 0.05362046, -0.73200227],
		[ 0.41008716 , 0.07832757, -0.20834466],
		[ 0.39655493 ,-0.14231614, -0.74889632]
	],
	"class_name" : "SelectionPolygonVolume",
	"orthogonal_axis" : "Y",
	"version_major" : 1,
	"version_minor" : 0
}